<?xml version='1.0' encoding='UTF-8'?>
<Pessoas>
<Pessoa><name>Alex Baptista</name> <address>Travessa De Castela</address> <city>Faro</city> <email>alex@hotmail.com</email> <phone_number>960212334</phone_number> <sport>Basquetebol</sport></Pessoa>
<Pessoa><name>Benedita Amaral</name> <address>Rua La Couture</address> <city>Porto</city> <email>benamaral@gmail.com</email> <phone_number>252123123</phone_number> <sport>Ténis</sport></Pessoa>
<Pessoa><name>Carlos Abreu</name> <address>Avenida De Francelos Gulpilhares</address> <city>Porto</city> <email>carlosabreu@sapo.pt</email> <phone_number>919292929</phone_number> <sport>Basquetebol</sport></Pessoa>
<Pessoa><name>Carlota Rego</name> <address>Rua B Ao Bairro Da Liberdade Bairro Da Liberdade</address> <city>Lisboa</city> <email>carrego@gmail.com</email> <phone_number>919919919</phone_number> <sport>Futebol</sport></Pessoa>
<Pessoa><name>Daniela Garcia</name> <address>Travessa De Passos</address> <city>Braga</city> <email>daniga@outlook.com</email> <phone_number>919797223</phone_number> <sport>Ténis</sport></Pessoa>
<Pessoa><name>Igor Morais</name> <address>Rua Do Apeadeiro Gulpilhares </address> <city>Porto</city> <email>igorm@sapo.pt</email> <phone_number>253222333</phone_number> <sport>Futebol</sport></Pessoa>
<Pessoa><name>Igor Queiros</name> <address>Bairro Do Igaphe </address> <city>Faro</city> <email>igorq@gmail.com</email> <phone_number>960012345</phone_number> <sport>Basquetebol</sport></Pessoa>
<Pessoa><name>Ismael Torres</name> <address>Travessa João Paulo Ii Arcozelo</address> <city>Barcelos</city> <email>ismael123@outlook.com</email> <phone_number>253000111</phone_number> <sport>Basquetebol</sport></Pessoa>
<Pessoa><name>Leonardo Lima</name> <address>Rua Fernando De Bulhões</address> <city>Porto</city> <email>leolima@outlook.com</email> <phone_number>921999000</phone_number> <sport>Futebol</sport></Pessoa>
<Pessoa><name>Leonardo Ribeiro</name> <address>Complexo Rodoviário De Barcelos</address> <city>Barcelos</city> <email>leorib@gmail.com</email> <phone_number>969798999</phone_number> <sport>Ténis</sport></Pessoa>
<Pessoa><name>Lia Guerra</name> <address>Rua Das Telecomunicações</address> <city>Faro</city> <email>liaguerra@alunos.ipca.pt</email> <phone_number>253111000</phone_number> <sport>Futebol</sport></Pessoa>
<Pessoa><name>Maria Alves</name> <address>Avenida Combatentes Da Grande Guerra Pares</address> <city>Porto</city> <email>mariaa@gmail.com</email> <phone_number>933222777</phone_number> <sport>Futebol</sport></Pessoa>
<Pessoa><name>Mia Gouveia</name> <address>Avenida De Queirões</address> <city>Braga</city> <email>miag@live.com.pt</email> <phone_number>224567890</phone_number> <sport>Ténis</sport></Pessoa>
<Pessoa><name>Nuno Gusmão</name> <address>Rua De Barreiro</address> <city>Porto</city> <email>nunogusmao@fastmail.com</email> <phone_number>933222888</phone_number> <sport>Futebol</sport></Pessoa>
<Pessoa><name>Nádia Correia</name> <address>Praceta Da Brasilia Gulpilhares</address> <city>Porto</city> <email>nádia321@live.com.pt</email> <phone_number>921111111</phone_number> <sport>Basquetebol</sport></Pessoa>
<Pessoa><name>Raquel Vieira</name> <address>Largo Heliodoro Salgado</address> <city>Faro</city> <email>raquelvieira@outlook.com</email> <phone_number>921999111</phone_number> <sport>Futebol</sport></Pessoa>
<Pessoa><name>Salvador Macedo</name> <address>Rua De São Paulo</address> <city>Braga</city> <email>smacedo@gmail.com</email> <phone_number>913234987</phone_number> <sport>Futebol</sport></Pessoa>
<Pessoa><name>Sandra Botelho</name> <address>Rua Doutor Aires Duarte</address> <city>Barcelos</city> <email>sandrabot@gmail.com</email> <phone_number>921999111</phone_number> <sport>Basquetebol</sport></Pessoa>
<Pessoa><name>Tatiana Sousa</name> <address>Travessa Da Rua A</address> <city>Lisboa</city> <email>tati@outlook.com</email> <phone_number>920000000</phone_number> <sport>Futebol</sport></Pessoa>
<Pessoa><name>Yara Moniz</name> <address>Largo De São Sebastião</address> <city>Braga</city> <email>yaramoniz@sapo.pt</email> <phone_number>223456789</phone_number> <sport>Ténis</sport></Pessoa>
</Pessoas>
